{"cameraMode":{"drawMode":0,"name":"Shaded","section":"Shading Mode"},"sceneLighting":true,"audioPlay":false,"sceneViewState":{"m_AlwaysRefresh":false,"showFog":true,"showSkybox":true,"showFlares":true,"showImageEffects":true,"showParticleSystems":true,"showVisualEffectGraphs":true,"m_FxEnabled":true},"in2DMode":false,"pivot":{"x":19.964630126953126,"y":5.966681480407715,"z":-13.923165321350098},"rotation":{"x":0.2985477149486542,"y":-0.1719895452260971,"z":0.05478914454579353,"w":0.9371706247329712},"size":11.648633003234864,"orthographic":false}